callable,lib,func,var,args,n,window_size,time
RollingSkew__screamer,screamer,RollingSkew,,"array,window_size",16,10,0.0012893329840153456
RollingSkew__screamer,screamer,RollingSkew,,"array,window_size",25,10,2.6750145480036736e-05
RollingSkew__screamer,screamer,RollingSkew,,"array,window_size",40,10,1.1415919288992882e-05
RollingSkew__screamer,screamer,RollingSkew,,"array,window_size",63,10,9.124865755438805e-06
RollingSkew__screamer,screamer,RollingSkew,,"array,window_size",100,10,8.958857506513596e-06
RollingSkew__screamer,screamer,RollingSkew,,"array,window_size",160,10,8.875038474798203e-06
RollingSkew__screamer,screamer,RollingSkew,,"array,window_size",160,100,8.542090654373169e-06
RollingSkew__screamer,screamer,RollingSkew,,"array,window_size",250,10,1.0708114132285118e-05
RollingSkew__screamer,screamer,RollingSkew,,"array,window_size",250,100,8.499948307871819e-06
RollingSkew__screamer,screamer,RollingSkew,,"array,window_size",400,10,8.458038792014122e-06
RollingSkew__screamer,screamer,RollingSkew,,"array,window_size",400,100,8.417060598731041e-06
RollingSkew__screamer,screamer,RollingSkew,,"array,window_size",630,10,1.0624993592500687e-05
RollingSkew__screamer,screamer,RollingSkew,,"array,window_size",630,100,9.375158697366714e-06
RollingSkew__screamer,screamer,RollingSkew,,"array,window_size",1000,10,1.0249903425574303e-05
RollingSkew__screamer,screamer,RollingSkew,,"array,window_size",1000,100,1.0542105883359909e-05
RollingSkew__screamer,screamer,RollingSkew,,"array,window_size",1600,10,0.0002623328473418951
RollingSkew__screamer,screamer,RollingSkew,,"array,window_size",1600,100,1.354212872684002e-05
RollingSkew__screamer,screamer,RollingSkew,,"array,window_size",1600,1000,0.0002127089537680149
RollingSkew__screamer,screamer,RollingSkew,,"array,window_size",2500,10,1.650000922381878e-05
RollingSkew__screamer,screamer,RollingSkew,,"array,window_size",2500,100,1.541711390018463e-05
RollingSkew__screamer,screamer,RollingSkew,,"array,window_size",2500,1000,1.954101026058197e-05
RollingSkew__screamer,screamer,RollingSkew,,"array,window_size",4000,10,2.1832995116710663e-05
RollingSkew__screamer,screamer,RollingSkew,,"array,window_size",4000,100,2.1750107407569885e-05
RollingSkew__screamer,screamer,RollingSkew,,"array,window_size",4000,1000,0.00023737503215670586
RollingSkew__screamer,screamer,RollingSkew,,"array,window_size",6300,10,3.7250109016895294e-05
RollingSkew__screamer,screamer,RollingSkew,,"array,window_size",6300,100,2.933293581008911e-05
RollingSkew__screamer,screamer,RollingSkew,,"array,window_size",6300,1000,3.187498077750206e-05
RollingSkew__screamer,screamer,RollingSkew,,"array,window_size",10000,10,4.533305764198303e-05
RollingSkew__screamer,screamer,RollingSkew,,"array,window_size",10000,100,4.4084154069423676e-05
RollingSkew__screamer,screamer,RollingSkew,,"array,window_size",10000,1000,4.054210148751736e-05
RollingSkew__screamer,screamer,RollingSkew,,"array,window_size",16000,10,7.02079851180315e-05
RollingSkew__screamer,screamer,RollingSkew,,"array,window_size",16000,100,6.599980406463146e-05
RollingSkew__screamer,screamer,RollingSkew,,"array,window_size",16000,1000,7.170811295509338e-05
RollingSkew__screamer,screamer,RollingSkew,,"array,window_size",16000,10000,8.750008419156075e-05
RollingSkew__screamer,screamer,RollingSkew,,"array,window_size",25000,10,0.00013991701416671276
RollingSkew__screamer,screamer,RollingSkew,,"array,window_size",25000,100,0.0001087910495698452
RollingSkew__screamer,screamer,RollingSkew,,"array,window_size",25000,1000,0.00010891607962548733
RollingSkew__screamer,screamer,RollingSkew,,"array,window_size",25000,10000,0.00011645909398794174
RollingSkew__screamer,screamer,RollingSkew,,"array,window_size",40000,10,0.00018383399583399296
RollingSkew__screamer,screamer,RollingSkew,,"array,window_size",40000,100,0.00017016613855957985
RollingSkew__screamer,screamer,RollingSkew,,"array,window_size",40000,1000,0.0001696671824902296
RollingSkew__screamer,screamer,RollingSkew,,"array,window_size",40000,10000,0.00020508281886577606
RollingSkew__screamer,screamer,RollingSkew,,"array,window_size",63000,10,0.000272250035777688
RollingSkew__screamer,screamer,RollingSkew,,"array,window_size",63000,100,0.00026816711761057377
RollingSkew__screamer,screamer,RollingSkew,,"array,window_size",63000,1000,0.0002680830657482147
RollingSkew__screamer,screamer,RollingSkew,,"array,window_size",63000,10000,0.000271917087957263
RollingSkew__screamer,screamer,RollingSkew,,"array,window_size",100000,10,0.0004567911382764578
RollingSkew__screamer,screamer,RollingSkew,,"array,window_size",100000,100,0.0004138329531997442
RollingSkew__screamer,screamer,RollingSkew,,"array,window_size",100000,1000,0.00042320904321968555
RollingSkew__screamer,screamer,RollingSkew,,"array,window_size",100000,10000,0.0004601660184562206
RollingSkew__screamer,screamer,RollingSkew,,"array,window_size",160000,10,0.0007202080450952053
RollingSkew__screamer,screamer,RollingSkew,,"array,window_size",160000,100,0.0006632921285927296
RollingSkew__screamer,screamer,RollingSkew,,"array,window_size",160000,1000,0.0006654169410467148
RollingSkew__screamer,screamer,RollingSkew,,"array,window_size",160000,10000,0.0007067921105772257
RollingSkew__screamer,screamer,RollingSkew,,"array,window_size",250000,10,0.0011080838739871979
RollingSkew__screamer,screamer,RollingSkew,,"array,window_size",250000,100,0.0010880839545279741
RollingSkew__screamer,screamer,RollingSkew,,"array,window_size",250000,1000,0.0010677080135792494
RollingSkew__screamer,screamer,RollingSkew,,"array,window_size",250000,10000,0.0011570409405976534
RollingSkew__screamer,screamer,RollingSkew,,"array,window_size",400000,10,0.0017868748400360346
RollingSkew__screamer,screamer,RollingSkew,,"array,window_size",400000,100,0.0017170000355690718
RollingSkew__screamer,screamer,RollingSkew,,"array,window_size",400000,1000,0.0016984590329229832
RollingSkew__screamer,screamer,RollingSkew,,"array,window_size",400000,10000,0.0017832920420914888
RollingSkew__screamer,screamer,RollingSkew,,"array,window_size",630000,10,0.002921875100582838
RollingSkew__screamer,screamer,RollingSkew,,"array,window_size",630000,100,0.0027946250047534704
RollingSkew__screamer,screamer,RollingSkew,,"array,window_size",630000,1000,0.0028262499254196882
RollingSkew__screamer,screamer,RollingSkew,,"array,window_size",630000,10000,0.002787291072309017
RollingSkew__screamer,screamer,RollingSkew,,"array,window_size",1000000,10,0.004419042030349374
RollingSkew__screamer,screamer,RollingSkew,,"array,window_size",1000000,100,0.0042548340279608965
RollingSkew__screamer,screamer,RollingSkew,,"array,window_size",1000000,1000,0.004423209000378847
RollingSkew__screamer,screamer,RollingSkew,,"array,window_size",1000000,10000,0.004389125155285001
RollingSkew__screamer,screamer,RollingSkew,,"array,window_size",16,10,8.500181138515472e-06
RollingSkew__screamer,screamer,RollingSkew,,"array,window_size",25,10,7.041962817311287e-06
RollingSkew__screamer,screamer,RollingSkew,,"array,window_size",40,10,7.207971066236496e-06
RollingSkew__screamer,screamer,RollingSkew,,"array,window_size",63,10,7.209135219454765e-06
RollingSkew__screamer,screamer,RollingSkew,,"array,window_size",100,10,7.458031177520752e-06
RollingSkew__screamer,screamer,RollingSkew,,"array,window_size",160,10,7.832888513803482e-06
RollingSkew__screamer,screamer,RollingSkew,,"array,window_size",160,100,8.209142833948135e-06
RollingSkew__screamer,screamer,RollingSkew,,"array,window_size",250,10,8.082948625087738e-06
RollingSkew__screamer,screamer,RollingSkew,,"array,window_size",250,100,8.458038792014122e-06
RollingSkew__screamer,screamer,RollingSkew,,"array,window_size",400,10,8.709030225872993e-06
RollingSkew__screamer,screamer,RollingSkew,,"array,window_size",400,100,8.916947990655899e-06
RollingSkew__screamer,screamer,RollingSkew,,"array,window_size",630,10,9.582843631505966e-06
RollingSkew__screamer,screamer,RollingSkew,,"array,window_size",630,100,9.62521880865097e-06
RollingSkew__screamer,screamer,RollingSkew,,"array,window_size",1000,10,1.1041993275284767e-05
RollingSkew__screamer,screamer,RollingSkew,,"array,window_size",1000,100,1.0999850928783417e-05
RollingSkew__screamer,screamer,RollingSkew,,"array,window_size",1600,10,1.337495632469654e-05
RollingSkew__screamer,screamer,RollingSkew,,"array,window_size",1600,100,1.3499986380338669e-05
RollingSkew__screamer,screamer,RollingSkew,,"array,window_size",1600,1000,1.4457851648330688e-05
RollingSkew__screamer,screamer,RollingSkew,,"array,window_size",2500,10,1.7042038962244987e-05
RollingSkew__screamer,screamer,RollingSkew,,"array,window_size",2500,100,1.7208978533744812e-05
RollingSkew__screamer,screamer,RollingSkew,,"array,window_size",2500,1000,1.7875107005238533e-05
RollingSkew__screamer,screamer,RollingSkew,,"array,window_size",4000,10,2.308306284248829e-05
RollingSkew__screamer,screamer,RollingSkew,,"array,window_size",4000,100,2.3250002413988113e-05
RollingSkew__screamer,screamer,RollingSkew,,"array,window_size",4000,1000,2.4167122319340706e-05
RollingSkew__screamer,screamer,RollingSkew,,"array,window_size",6300,10,3.4667085856199265e-05
RollingSkew__screamer,screamer,RollingSkew,,"array,window_size",6300,100,3.295787610113621e-05
RollingSkew__screamer,screamer,RollingSkew,,"array,window_size",6300,1000,3.324984572827816e-05
RollingSkew__screamer,screamer,RollingSkew,,"array,window_size",10000,10,4.979199729859829e-05
RollingSkew__screamer,screamer,RollingSkew,,"array,window_size",10000,100,4.7625042498111725e-05
RollingSkew__screamer,screamer,RollingSkew,,"array,window_size",10000,1000,4.8042042180895805e-05
RollingSkew__screamer,screamer,RollingSkew,,"array,window_size",16000,10,7.537496276199818e-05
RollingSkew__screamer,screamer,RollingSkew,,"array,window_size",16000,100,7.520895451307297e-05
RollingSkew__screamer,screamer,RollingSkew,,"array,window_size",16000,1000,7.26659782230854e-05
RollingSkew__screamer,screamer,RollingSkew,,"array,window_size",16000,10000,0.00010850001126527786
RollingSkew__screamer,screamer,RollingSkew,,"array,window_size",25000,10,0.00011320807971060276
RollingSkew__screamer,screamer,RollingSkew,,"array,window_size",25000,100,0.00011216686107218266
RollingSkew__screamer,screamer,RollingSkew,,"array,window_size",25000,1000,0.00010975007899105549
RollingSkew__screamer,screamer,RollingSkew,,"array,window_size",25000,10000,0.00011483393609523773
RollingSkew__screamer,screamer,RollingSkew,,"array,window_size",40000,10,0.00017625000327825546
RollingSkew__screamer,screamer,RollingSkew,,"array,window_size",40000,100,0.0001696671824902296
RollingSkew__screamer,screamer,RollingSkew,,"array,window_size",40000,1000,0.00016908301040530205
RollingSkew__screamer,screamer,RollingSkew,,"array,window_size",40000,10000,0.00020879204384982586
RollingSkew__screamer,screamer,RollingSkew,,"array,window_size",63000,10,0.0002730409614741802
RollingSkew__screamer,screamer,RollingSkew,,"array,window_size",63000,100,0.00026666605845093727
RollingSkew__screamer,screamer,RollingSkew,,"array,window_size",63000,1000,0.0002622921019792557
RollingSkew__screamer,screamer,RollingSkew,,"array,window_size",63000,10000,0.0002725000958889723
RollingSkew__screamer,screamer,RollingSkew,,"array,window_size",100000,10,0.00043529109098017216
RollingSkew__screamer,screamer,RollingSkew,,"array,window_size",100000,100,0.00041329185478389263
RollingSkew__screamer,screamer,RollingSkew,,"array,window_size",100000,1000,0.00041866698302328587
RollingSkew__screamer,screamer,RollingSkew,,"array,window_size",100000,10000,0.00045658298768103123
RollingSkew__screamer,screamer,RollingSkew,,"array,window_size",160000,10,0.0006874999962747097
RollingSkew__screamer,screamer,RollingSkew,,"array,window_size",160000,100,0.0006586250383406878
RollingSkew__screamer,screamer,RollingSkew,,"array,window_size",160000,1000,0.000653417082503438
RollingSkew__screamer,screamer,RollingSkew,,"array,window_size",160000,10000,0.0006977501325309277
RollingSkew__screamer,screamer,RollingSkew,,"array,window_size",250000,10,0.0010652081109583378
RollingSkew__screamer,screamer,RollingSkew,,"array,window_size",250000,100,0.0010953331366181374
RollingSkew__screamer,screamer,RollingSkew,,"array,window_size",250000,1000,0.001060832990333438
RollingSkew__screamer,screamer,RollingSkew,,"array,window_size",250000,10000,0.0011123751755803823
RollingSkew__screamer,screamer,RollingSkew,,"array,window_size",400000,10,0.00183029193431139
RollingSkew__screamer,screamer,RollingSkew,,"array,window_size",400000,100,0.0018077089916914701
RollingSkew__screamer,screamer,RollingSkew,,"array,window_size",400000,1000,0.0018622500356286764
RollingSkew__screamer,screamer,RollingSkew,,"array,window_size",400000,10000,0.0018666251562535763
RollingSkew__screamer,screamer,RollingSkew,,"array,window_size",630000,10,0.002940166974440217
RollingSkew__screamer,screamer,RollingSkew,,"array,window_size",630000,100,0.002887625014409423
RollingSkew__screamer,screamer,RollingSkew,,"array,window_size",630000,1000,0.0028776670806109905
RollingSkew__screamer,screamer,RollingSkew,,"array,window_size",630000,10000,0.0029550001490861177
RollingSkew__screamer,screamer,RollingSkew,,"array,window_size",1000000,10,0.0044252909719944
RollingSkew__screamer,screamer,RollingSkew,,"array,window_size",1000000,100,0.00432720803655684
RollingSkew__screamer,screamer,RollingSkew,,"array,window_size",1000000,1000,0.0045703749638050795
RollingSkew__screamer,screamer,RollingSkew,,"array,window_size",1000000,10000,0.00453162519261241
RollingSkew__screamer,screamer,RollingSkew,,"array,window_size",16,10,1.1458061635494232e-05
RollingSkew__screamer,screamer,RollingSkew,,"array,window_size",25,10,7.207971066236496e-06
RollingSkew__screamer,screamer,RollingSkew,,"array,window_size",40,10,7.042195647954941e-06
RollingSkew__screamer,screamer,RollingSkew,,"array,window_size",63,10,6.959075108170509e-06
RollingSkew__screamer,screamer,RollingSkew,,"array,window_size",100,10,7.375143468379974e-06
RollingSkew__screamer,screamer,RollingSkew,,"array,window_size",160,10,7.666880264878273e-06
RollingSkew__screamer,screamer,RollingSkew,,"array,window_size",160,100,7.750000804662704e-06
RollingSkew__screamer,screamer,RollingSkew,,"array,window_size",250,10,8.082948625087738e-06
RollingSkew__screamer,screamer,RollingSkew,,"array,window_size",250,100,8.209142833948135e-06
RollingSkew__screamer,screamer,RollingSkew,,"array,window_size",400,10,1.100008375942707e-05
RollingSkew__screamer,screamer,RollingSkew,,"array,window_size",400,100,9.084120392799377e-06
RollingSkew__screamer,screamer,RollingSkew,,"array,window_size",630,10,9.459210559725761e-06
RollingSkew__screamer,screamer,RollingSkew,,"array,window_size",630,100,9.58307646214962e-06
RollingSkew__screamer,screamer,RollingSkew,,"array,window_size",1000,10,1.100008375942707e-05
RollingSkew__screamer,screamer,RollingSkew,,"array,window_size",1000,100,1.1625001206994057e-05
RollingSkew__screamer,screamer,RollingSkew,,"array,window_size",1600,10,1.3625016435980797e-05
RollingSkew__screamer,screamer,RollingSkew,,"array,window_size",1600,100,1.3584038242697716e-05
RollingSkew__screamer,screamer,RollingSkew,,"array,window_size",1600,1000,1.4166813343763351e-05
RollingSkew__screamer,screamer,RollingSkew,,"array,window_size",2500,10,1.7082784324884415e-05
RollingSkew__screamer,screamer,RollingSkew,,"array,window_size",2500,100,1.7415964975953102e-05
RollingSkew__screamer,screamer,RollingSkew,,"array,window_size",2500,1000,1.7666025087237358e-05
RollingSkew__screamer,screamer,RollingSkew,,"array,window_size",4000,10,2.3250002413988113e-05
RollingSkew__screamer,screamer,RollingSkew,,"array,window_size",4000,100,2.333289012312889e-05
RollingSkew__screamer,screamer,RollingSkew,,"array,window_size",4000,1000,3.53341456502676e-05
RollingSkew__screamer,screamer,RollingSkew,,"array,window_size",6300,10,3.374996595084667e-05
RollingSkew__screamer,screamer,RollingSkew,,"array,window_size",6300,100,3.9041973650455475e-05
RollingSkew__screamer,screamer,RollingSkew,,"array,window_size",6300,1000,3.300001844763756e-05
RollingSkew__screamer,screamer,RollingSkew,,"array,window_size",10000,10,5.766586400568485e-05
RollingSkew__screamer,screamer,RollingSkew,,"array,window_size",10000,100,4.783296026289463e-05
RollingSkew__screamer,screamer,RollingSkew,,"array,window_size",10000,1000,4.804180935025215e-05
RollingSkew__screamer,screamer,RollingSkew,,"array,window_size",16000,10,7.845787331461906e-05
RollingSkew__screamer,screamer,RollingSkew,,"array,window_size",16000,100,0.00010187504813075066
RollingSkew__screamer,screamer,RollingSkew,,"array,window_size",16000,1000,7.245782762765884e-05
RollingSkew__screamer,screamer,RollingSkew,,"array,window_size",16000,10000,0.0001309998333454132
RollingSkew__screamer,screamer,RollingSkew,,"array,window_size",25000,10,0.00011250004172325134
RollingSkew__screamer,screamer,RollingSkew,,"array,window_size",25000,100,0.0001152500044554472
RollingSkew__screamer,screamer,RollingSkew,,"array,window_size",25000,1000,0.00010866695083677769
RollingSkew__screamer,screamer,RollingSkew,,"array,window_size",25000,10000,0.0001696248073130846
RollingSkew__screamer,screamer,RollingSkew,,"array,window_size",40000,10,0.00017829099670052528
RollingSkew__screamer,screamer,RollingSkew,,"array,window_size",40000,100,0.00017266697250306606
RollingSkew__screamer,screamer,RollingSkew,,"array,window_size",40000,1000,0.00017683301120996475
RollingSkew__screamer,screamer,RollingSkew,,"array,window_size",40000,10000,0.0002305419184267521
RollingSkew__screamer,screamer,RollingSkew,,"array,window_size",63000,10,0.0002955829259008169
RollingSkew__screamer,screamer,RollingSkew,,"array,window_size",63000,100,0.00027074990794062614
RollingSkew__screamer,screamer,RollingSkew,,"array,window_size",63000,1000,0.00026920787058770657
RollingSkew__screamer,screamer,RollingSkew,,"array,window_size",63000,10000,0.0003211251460015774
RollingSkew__screamer,screamer,RollingSkew,,"array,window_size",100000,10,0.0004637909587472677
RollingSkew__screamer,screamer,RollingSkew,,"array,window_size",100000,100,0.0004284169990569353
RollingSkew__screamer,screamer,RollingSkew,,"array,window_size",100000,1000,0.0004188751336187124
RollingSkew__screamer,screamer,RollingSkew,,"array,window_size",100000,10000,0.0004572921898216009
RollingSkew__screamer,screamer,RollingSkew,,"array,window_size",160000,10,0.0007053748704493046
RollingSkew__screamer,screamer,RollingSkew,,"array,window_size",160000,100,0.0006797919049859047
RollingSkew__screamer,screamer,RollingSkew,,"array,window_size",160000,1000,0.000675958814099431
RollingSkew__screamer,screamer,RollingSkew,,"array,window_size",160000,10000,0.0007053748704493046
RollingSkew__screamer,screamer,RollingSkew,,"array,window_size",250000,10,0.0010680409613996744
RollingSkew__screamer,screamer,RollingSkew,,"array,window_size",250000,100,0.0010865421500056982
RollingSkew__screamer,screamer,RollingSkew,,"array,window_size",250000,1000,0.0011399160139262676
RollingSkew__screamer,screamer,RollingSkew,,"array,window_size",250000,10000,0.0011316670570522547
RollingSkew__screamer,screamer,RollingSkew,,"array,window_size",400000,10,0.0017548329196870327
RollingSkew__screamer,screamer,RollingSkew,,"array,window_size",400000,100,0.001749916933476925
RollingSkew__screamer,screamer,RollingSkew,,"array,window_size",400000,1000,0.0017475830391049385
RollingSkew__screamer,screamer,RollingSkew,,"array,window_size",400000,10000,0.001975917024537921
RollingSkew__screamer,screamer,RollingSkew,,"array,window_size",630000,10,0.002706250175833702
RollingSkew__screamer,screamer,RollingSkew,,"array,window_size",630000,100,0.002714583883062005
RollingSkew__screamer,screamer,RollingSkew,,"array,window_size",630000,1000,0.002668374916538596
RollingSkew__screamer,screamer,RollingSkew,,"array,window_size",630000,10000,0.002764333039522171
RollingSkew__screamer,screamer,RollingSkew,,"array,window_size",1000000,10,0.004315124824643135
RollingSkew__screamer,screamer,RollingSkew,,"array,window_size",1000000,100,0.004281749948859215
RollingSkew__screamer,screamer,RollingSkew,,"array,window_size",1000000,1000,0.004325957968831062
RollingSkew__screamer,screamer,RollingSkew,,"array,window_size",1000000,10000,0.0045138332061469555
RollingSkew__screamer,screamer,RollingSkew,,"array,window_size",16,10,8.58306884765625e-06
RollingSkew__screamer,screamer,RollingSkew,,"array,window_size",25,10,7.166992872953415e-06
RollingSkew__screamer,screamer,RollingSkew,,"array,window_size",40,10,7.041962817311287e-06
RollingSkew__screamer,screamer,RollingSkew,,"array,window_size",63,10,7.166992872953415e-06
RollingSkew__screamer,screamer,RollingSkew,,"array,window_size",100,10,7.166992872953415e-06
RollingSkew__screamer,screamer,RollingSkew,,"array,window_size",160,10,7.875030860304832e-06
RollingSkew__screamer,screamer,RollingSkew,,"array,window_size",160,100,8.00006091594696e-06
RollingSkew__screamer,screamer,RollingSkew,,"array,window_size",250,10,8.458038792014122e-06
RollingSkew__screamer,screamer,RollingSkew,,"array,window_size",250,100,8.16606916487217e-06
RollingSkew__screamer,screamer,RollingSkew,,"array,window_size",400,10,8.666887879371643e-06
RollingSkew__screamer,screamer,RollingSkew,,"array,window_size",400,100,8.875038474798203e-06
RollingSkew__screamer,screamer,RollingSkew,,"array,window_size",630,10,9.417068213224411e-06
RollingSkew__screamer,screamer,RollingSkew,,"array,window_size",630,100,9.708106517791748e-06
RollingSkew__screamer,screamer,RollingSkew,,"array,window_size",1000,10,1.1041993275284767e-05
RollingSkew__screamer,screamer,RollingSkew,,"array,window_size",1000,100,1.1124880984425545e-05
RollingSkew__screamer,screamer,RollingSkew,,"array,window_size",1600,10,1.3541895896196365e-05
RollingSkew__screamer,screamer,RollingSkew,,"array,window_size",1600,100,1.4292076230049133e-05
RollingSkew__screamer,screamer,RollingSkew,,"array,window_size",1600,1000,1.4249933883547783e-05
RollingSkew__screamer,screamer,RollingSkew,,"array,window_size",2500,10,1.708301715552807e-05
RollingSkew__screamer,screamer,RollingSkew,,"array,window_size",2500,100,1.741712912917137e-05
RollingSkew__screamer,screamer,RollingSkew,,"array,window_size",2500,1000,1.8124934285879135e-05
RollingSkew__screamer,screamer,RollingSkew,,"array,window_size",4000,10,2.308306284248829e-05
RollingSkew__screamer,screamer,RollingSkew,,"array,window_size",4000,100,2.3333122953772545e-05
RollingSkew__screamer,screamer,RollingSkew,,"array,window_size",4000,1000,2.687494270503521e-05
RollingSkew__screamer,screamer,RollingSkew,,"array,window_size",6300,10,3.4708064049482346e-05
RollingSkew__screamer,screamer,RollingSkew,,"array,window_size",6300,100,3.295810893177986e-05
RollingSkew__screamer,screamer,RollingSkew,,"array,window_size",6300,1000,3.316579386591911e-05
RollingSkew__screamer,screamer,RollingSkew,,"array,window_size",10000,10,5.054101347923279e-05
RollingSkew__screamer,screamer,RollingSkew,,"array,window_size",10000,100,4.766695201396942e-05
RollingSkew__screamer,screamer,RollingSkew,,"array,window_size",10000,1000,4.7791050747036934e-05
RollingSkew__screamer,screamer,RollingSkew,,"array,window_size",16000,10,7.533305324614048e-05
RollingSkew__screamer,screamer,RollingSkew,,"array,window_size",16000,100,7.200008258223534e-05
RollingSkew__screamer,screamer,RollingSkew,,"array,window_size",16000,1000,7.208413444459438e-05
RollingSkew__screamer,screamer,RollingSkew,,"array,window_size",16000,10000,8.462509140372276e-05
RollingSkew__screamer,screamer,RollingSkew,,"array,window_size",25000,10,0.00011395779438316822
RollingSkew__screamer,screamer,RollingSkew,,"array,window_size",25000,100,0.00010849977843463421
RollingSkew__screamer,screamer,RollingSkew,,"array,window_size",25000,1000,0.00010841595940291882
RollingSkew__screamer,screamer,RollingSkew,,"array,window_size",25000,10000,0.00011454196646809578
RollingSkew__screamer,screamer,RollingSkew,,"array,window_size",40000,10,0.00017804186791181564
RollingSkew__screamer,screamer,RollingSkew,,"array,window_size",40000,100,0.00016970792785286903
RollingSkew__screamer,screamer,RollingSkew,,"array,window_size",40000,1000,0.00016900012269616127
RollingSkew__screamer,screamer,RollingSkew,,"array,window_size",40000,10000,0.00020750006660819054
RollingSkew__screamer,screamer,RollingSkew,,"array,window_size",63000,10,0.0002744169905781746
RollingSkew__screamer,screamer,RollingSkew,,"array,window_size",63000,100,0.0002662090118974447
RollingSkew__screamer,screamer,RollingSkew,,"array,window_size",63000,1000,0.0002677920274436474
RollingSkew__screamer,screamer,RollingSkew,,"array,window_size",63000,10000,0.00027149985544383526
RollingSkew__screamer,screamer,RollingSkew,,"array,window_size",100000,10,0.0004455419257283211
RollingSkew__screamer,screamer,RollingSkew,,"array,window_size",100000,100,0.00041791703552007675
RollingSkew__screamer,screamer,RollingSkew,,"array,window_size",100000,1000,0.00041399989277124405
RollingSkew__screamer,screamer,RollingSkew,,"array,window_size",100000,10000,0.0004244591109454632
RollingSkew__screamer,screamer,RollingSkew,,"array,window_size",160000,10,0.000695791095495224
RollingSkew__screamer,screamer,RollingSkew,,"array,window_size",160000,100,0.0006655000615864992
RollingSkew__screamer,screamer,RollingSkew,,"array,window_size",160000,1000,0.000653665978461504
RollingSkew__screamer,screamer,RollingSkew,,"array,window_size",160000,10000,0.0007140419911593199
RollingSkew__screamer,screamer,RollingSkew,,"array,window_size",250000,10,0.0010767499916255474
RollingSkew__screamer,screamer,RollingSkew,,"array,window_size",250000,100,0.0010712910443544388
RollingSkew__screamer,screamer,RollingSkew,,"array,window_size",250000,1000,0.0010549579747021198
RollingSkew__screamer,screamer,RollingSkew,,"array,window_size",250000,10000,0.0010870830155909061
RollingSkew__screamer,screamer,RollingSkew,,"array,window_size",400000,10,0.0017228340730071068
RollingSkew__screamer,screamer,RollingSkew,,"array,window_size",400000,100,0.0017045410349965096
RollingSkew__screamer,screamer,RollingSkew,,"array,window_size",400000,1000,0.0017110828775912523
RollingSkew__screamer,screamer,RollingSkew,,"array,window_size",400000,10000,0.0017592092044651508
RollingSkew__screamer,screamer,RollingSkew,,"array,window_size",630000,10,0.002696292009204626
RollingSkew__screamer,screamer,RollingSkew,,"array,window_size",630000,100,0.0026803750079125166
RollingSkew__screamer,screamer,RollingSkew,,"array,window_size",630000,1000,0.0026867499109357595
RollingSkew__screamer,screamer,RollingSkew,,"array,window_size",630000,10000,0.0027383340056985617
RollingSkew__screamer,screamer,RollingSkew,,"array,window_size",1000000,10,0.00425649993121624
RollingSkew__screamer,screamer,RollingSkew,,"array,window_size",1000000,100,0.004258624976500869
RollingSkew__screamer,screamer,RollingSkew,,"array,window_size",1000000,1000,0.004300499800592661
RollingSkew__screamer,screamer,RollingSkew,,"array,window_size",1000000,10000,0.004510917002335191
RollingSkew__screamer,screamer,RollingSkew,,"array,window_size",16,10,8.958857506513596e-06
RollingSkew__screamer,screamer,RollingSkew,,"array,window_size",25,10,7.207971066236496e-06
RollingSkew__screamer,screamer,RollingSkew,,"array,window_size",40,10,7.041962817311287e-06
RollingSkew__screamer,screamer,RollingSkew,,"array,window_size",63,10,7.00005330145359e-06
RollingSkew__screamer,screamer,RollingSkew,,"array,window_size",100,10,7.665948942303658e-06
RollingSkew__screamer,screamer,RollingSkew,,"array,window_size",160,10,9.37492586672306e-06
RollingSkew__screamer,screamer,RollingSkew,,"array,window_size",160,100,8.167000487446785e-06
RollingSkew__screamer,screamer,RollingSkew,,"array,window_size",250,10,7.916940376162529e-06
RollingSkew__screamer,screamer,RollingSkew,,"array,window_size",250,100,8.082948625087738e-06
RollingSkew__screamer,screamer,RollingSkew,,"array,window_size",400,10,8.624978363513947e-06
RollingSkew__screamer,screamer,RollingSkew,,"array,window_size",400,100,9.416835382580757e-06
RollingSkew__screamer,screamer,RollingSkew,,"array,window_size",630,10,9.542098268866539e-06
RollingSkew__screamer,screamer,RollingSkew,,"array,window_size",630,100,9.457813575863838e-06
RollingSkew__screamer,screamer,RollingSkew,,"array,window_size",1000,10,1.0875053703784943e-05
RollingSkew__screamer,screamer,RollingSkew,,"array,window_size",1000,100,1.1082971468567848e-05
RollingSkew__screamer,screamer,RollingSkew,,"array,window_size",1600,10,1.333397813141346e-05
RollingSkew__screamer,screamer,RollingSkew,,"array,window_size",1600,100,1.3417098671197891e-05
RollingSkew__screamer,screamer,RollingSkew,,"array,window_size",1600,1000,1.400010660290718e-05
RollingSkew__screamer,screamer,RollingSkew,,"array,window_size",2500,10,1.6999896615743637e-05
RollingSkew__screamer,screamer,RollingSkew,,"array,window_size",2500,100,1.7666025087237358e-05
RollingSkew__screamer,screamer,RollingSkew,,"array,window_size",2500,1000,1.8625054508447647e-05
RollingSkew__screamer,screamer,RollingSkew,,"array,window_size",4000,10,2.304092049598694e-05
RollingSkew__screamer,screamer,RollingSkew,,"array,window_size",4000,100,2.3207860067486763e-05
RollingSkew__screamer,screamer,RollingSkew,,"array,window_size",4000,1000,2.395804040133953e-05
RollingSkew__screamer,screamer,RollingSkew,,"array,window_size",6300,10,3.400002606213093e-05
RollingSkew__screamer,screamer,RollingSkew,,"array,window_size",6300,100,3.291713073849678e-05
RollingSkew__screamer,screamer,RollingSkew,,"array,window_size",6300,1000,3.300001844763756e-05
RollingSkew__screamer,screamer,RollingSkew,,"array,window_size",10000,10,4.975008778274059e-05
RollingSkew__screamer,screamer,RollingSkew,,"array,window_size",10000,100,4.7625042498111725e-05
RollingSkew__screamer,screamer,RollingSkew,,"array,window_size",10000,1000,4.795799031853676e-05
RollingSkew__screamer,screamer,RollingSkew,,"array,window_size",16000,10,7.562502287328243e-05
RollingSkew__screamer,screamer,RollingSkew,,"array,window_size",16000,100,7.220800034701824e-05
RollingSkew__screamer,screamer,RollingSkew,,"array,window_size",16000,1000,7.220916450023651e-05
RollingSkew__screamer,screamer,RollingSkew,,"array,window_size",16000,10000,0.00012929108925163746
RollingSkew__screamer,screamer,RollingSkew,,"array,window_size",25000,10,0.00011137500405311584
RollingSkew__screamer,screamer,RollingSkew,,"array,window_size",25000,100,0.00010866601951420307
RollingSkew__screamer,screamer,RollingSkew,,"array,window_size",25000,1000,0.00010854215361177921
RollingSkew__screamer,screamer,RollingSkew,,"array,window_size",25000,10000,0.0001398748718202114
RollingSkew__screamer,screamer,RollingSkew,,"array,window_size",40000,10,0.00017504114657640457
RollingSkew__screamer,screamer,RollingSkew,,"array,window_size",40000,100,0.0001699170097708702
RollingSkew__screamer,screamer,RollingSkew,,"array,window_size",40000,1000,0.00016933283768594265
RollingSkew__screamer,screamer,RollingSkew,,"array,window_size",40000,10000,0.0001987079158425331
RollingSkew__screamer,screamer,RollingSkew,,"array,window_size",63000,10,0.00027537508867681026
RollingSkew__screamer,screamer,RollingSkew,,"array,window_size",63000,100,0.0002636669669300318
RollingSkew__screamer,screamer,RollingSkew,,"array,window_size",63000,1000,0.0002620830200612545
RollingSkew__screamer,screamer,RollingSkew,,"array,window_size",63000,10000,0.0003269168082624674
RollingSkew__screamer,screamer,RollingSkew,,"array,window_size",100000,10,0.00043383403681218624
RollingSkew__screamer,screamer,RollingSkew,,"array,window_size",100000,100,0.00041358289308845997
RollingSkew__screamer,screamer,RollingSkew,,"array,window_size",100000,1000,0.00041720899753272533
RollingSkew__screamer,screamer,RollingSkew,,"array,window_size",100000,10000,0.0004463749937713146
RollingSkew__screamer,screamer,RollingSkew,,"array,window_size",160000,10,0.0006933750119060278
RollingSkew__screamer,screamer,RollingSkew,,"array,window_size",160000,100,0.000663667218759656
RollingSkew__screamer,screamer,RollingSkew,,"array,window_size",160000,1000,0.0006611659191548824
RollingSkew__screamer,screamer,RollingSkew,,"array,window_size",160000,10000,0.0007157500367611647
RollingSkew__screamer,screamer,RollingSkew,,"array,window_size",250000,10,0.0011167090851813555
RollingSkew__screamer,screamer,RollingSkew,,"array,window_size",250000,100,0.0011101251002401114
RollingSkew__screamer,screamer,RollingSkew,,"array,window_size",250000,1000,0.0010900418274104595
RollingSkew__screamer,screamer,RollingSkew,,"array,window_size",250000,10000,0.0011082910932600498
RollingSkew__screamer,screamer,RollingSkew,,"array,window_size",400000,10,0.001715291989967227
RollingSkew__screamer,screamer,RollingSkew,,"array,window_size",400000,100,0.001741291955113411
RollingSkew__screamer,screamer,RollingSkew,,"array,window_size",400000,1000,0.0016935830935835838
RollingSkew__screamer,screamer,RollingSkew,,"array,window_size",400000,10000,0.0017645000480115414
RollingSkew__screamer,screamer,RollingSkew,,"array,window_size",630000,10,0.0028098339680582285
RollingSkew__screamer,screamer,RollingSkew,,"array,window_size",630000,100,0.0026848751585930586
RollingSkew__screamer,screamer,RollingSkew,,"array,window_size",630000,1000,0.0026793750002980232
RollingSkew__screamer,screamer,RollingSkew,,"array,window_size",630000,10000,0.002771291881799698
RollingSkew__screamer,screamer,RollingSkew,,"array,window_size",1000000,10,0.0043219998478889465
RollingSkew__screamer,screamer,RollingSkew,,"array,window_size",1000000,100,0.004261041060090065
RollingSkew__screamer,screamer,RollingSkew,,"array,window_size",1000000,1000,0.004225791897624731
RollingSkew__screamer,screamer,RollingSkew,,"array,window_size",1000000,10000,0.00449908385053277
RollingSkew__screamer,screamer,RollingSkew,,"array,window_size",16,10,1.5124911442399025e-05
RollingSkew__screamer,screamer,RollingSkew,,"array,window_size",25,10,7.458031177520752e-06
RollingSkew__screamer,screamer,RollingSkew,,"array,window_size",40,10,7.082941010594368e-06
RollingSkew__screamer,screamer,RollingSkew,,"array,window_size",63,10,7.207971066236496e-06
RollingSkew__screamer,screamer,RollingSkew,,"array,window_size",100,10,7.542083039879799e-06
RollingSkew__screamer,screamer,RollingSkew,,"array,window_size",160,10,7.666880264878273e-06
RollingSkew__screamer,screamer,RollingSkew,,"array,window_size",160,100,8.041970431804657e-06
RollingSkew__screamer,screamer,RollingSkew,,"array,window_size",250,10,8.624978363513947e-06
RollingSkew__screamer,screamer,RollingSkew,,"array,window_size",250,100,8.167000487446785e-06
RollingSkew__screamer,screamer,RollingSkew,,"array,window_size",400,10,8.58306884765625e-06
RollingSkew__screamer,screamer,RollingSkew,,"array,window_size",400,100,8.624978363513947e-06
RollingSkew__screamer,screamer,RollingSkew,,"array,window_size",630,10,9.584007784724236e-06
RollingSkew__screamer,screamer,RollingSkew,,"array,window_size",630,100,9.58307646214962e-06
RollingSkew__screamer,screamer,RollingSkew,,"array,window_size",1000,10,1.6458099707961082e-05
RollingSkew__screamer,screamer,RollingSkew,,"array,window_size",1000,100,1.158309169113636e-05
RollingSkew__screamer,screamer,RollingSkew,,"array,window_size",1600,10,1.3708136975765228e-05
RollingSkew__screamer,screamer,RollingSkew,,"array,window_size",1600,100,1.3833865523338318e-05
RollingSkew__screamer,screamer,RollingSkew,,"array,window_size",1600,1000,0.0008810830768197775
RollingSkew__screamer,screamer,RollingSkew,,"array,window_size",2500,10,2.2124964743852615e-05
RollingSkew__screamer,screamer,RollingSkew,,"array,window_size",2500,100,1.787487417459488e-05
RollingSkew__screamer,screamer,RollingSkew,,"array,window_size",2500,1000,0.00028566690161824226
RollingSkew__screamer,screamer,RollingSkew,,"array,window_size",4000,10,2.3416941985487938e-05
RollingSkew__screamer,screamer,RollingSkew,,"array,window_size",4000,100,2.3083994165062904e-05
RollingSkew__screamer,screamer,RollingSkew,,"array,window_size",4000,1000,0.0004798751324415207
RollingSkew__screamer,screamer,RollingSkew,,"array,window_size",6300,10,3.170897252857685e-05
RollingSkew__screamer,screamer,RollingSkew,,"array,window_size",6300,100,3.329198807477951e-05
RollingSkew__screamer,screamer,RollingSkew,,"array,window_size",6300,1000,3.2833078876137733e-05
RollingSkew__screamer,screamer,RollingSkew,,"array,window_size",10000,10,4.604109562933445e-05
RollingSkew__screamer,screamer,RollingSkew,,"array,window_size",10000,100,4.695914685726166e-05
RollingSkew__screamer,screamer,RollingSkew,,"array,window_size",10000,1000,4.795799031853676e-05
RollingSkew__screamer,screamer,RollingSkew,,"array,window_size",16000,10,7.504201494157314e-05
RollingSkew__screamer,screamer,RollingSkew,,"array,window_size",16000,100,7.120799273252487e-05
RollingSkew__screamer,screamer,RollingSkew,,"array,window_size",16000,1000,7.112487219274044e-05
RollingSkew__screamer,screamer,RollingSkew,,"array,window_size",16000,10000,0.00011754105798900127
RollingSkew__screamer,screamer,RollingSkew,,"array,window_size",25000,10,0.00011158408597111702
RollingSkew__screamer,screamer,RollingSkew,,"array,window_size",25000,100,0.00012729200534522533
RollingSkew__screamer,screamer,RollingSkew,,"array,window_size",25000,1000,0.00010858289897441864
RollingSkew__screamer,screamer,RollingSkew,,"array,window_size",25000,10000,0.00011587492190301418
RollingSkew__screamer,screamer,RollingSkew,,"array,window_size",40000,10,0.0001782081089913845
RollingSkew__screamer,screamer,RollingSkew,,"array,window_size",40000,100,0.00016954191960394382
RollingSkew__screamer,screamer,RollingSkew,,"array,window_size",40000,1000,0.00016899988986551762
RollingSkew__screamer,screamer,RollingSkew,,"array,window_size",40000,10000,0.00020808307453989983
RollingSkew__screamer,screamer,RollingSkew,,"array,window_size",63000,10,0.0002738330513238907
RollingSkew__screamer,screamer,RollingSkew,,"array,window_size",63000,100,0.0002684581559151411
RollingSkew__screamer,screamer,RollingSkew,,"array,window_size",63000,1000,0.00026408303529024124
RollingSkew__screamer,screamer,RollingSkew,,"array,window_size",63000,10000,0.00027133291587233543
RollingSkew__screamer,screamer,RollingSkew,,"array,window_size",100000,10,0.0004360408056527376
RollingSkew__screamer,screamer,RollingSkew,,"array,window_size",100000,100,0.0004359171725809574
RollingSkew__screamer,screamer,RollingSkew,,"array,window_size",100000,1000,0.0004184169229120016
RollingSkew__screamer,screamer,RollingSkew,,"array,window_size",100000,10000,0.0005497911479324102
RollingSkew__screamer,screamer,RollingSkew,,"array,window_size",160000,10,0.0007285419851541519
RollingSkew__screamer,screamer,RollingSkew,,"array,window_size",160000,100,0.0006784580182284117
RollingSkew__screamer,screamer,RollingSkew,,"array,window_size",160000,1000,0.0007213340140879154
RollingSkew__screamer,screamer,RollingSkew,,"array,window_size",160000,10000,0.0006801250856369734
RollingSkew__screamer,screamer,RollingSkew,,"array,window_size",250000,10,0.001111500198021531
RollingSkew__screamer,screamer,RollingSkew,,"array,window_size",250000,100,0.001086957985535264
RollingSkew__screamer,screamer,RollingSkew,,"array,window_size",250000,1000,0.0012292079627513885
RollingSkew__screamer,screamer,RollingSkew,,"array,window_size",250000,10000,0.001274416921660304
RollingSkew__screamer,screamer,RollingSkew,,"array,window_size",400000,10,0.0017542080022394657
RollingSkew__screamer,screamer,RollingSkew,,"array,window_size",400000,100,0.0017016250640153885
RollingSkew__screamer,screamer,RollingSkew,,"array,window_size",400000,1000,0.0017283752094954252
RollingSkew__screamer,screamer,RollingSkew,,"array,window_size",400000,10000,0.0017569169867783785
RollingSkew__screamer,screamer,RollingSkew,,"array,window_size",630000,10,0.0028075419832021
RollingSkew__screamer,screamer,RollingSkew,,"array,window_size",630000,100,0.002892291871830821
RollingSkew__screamer,screamer,RollingSkew,,"array,window_size",630000,1000,0.002740750089287758
RollingSkew__screamer,screamer,RollingSkew,,"array,window_size",630000,10000,0.0027914170641452074
RollingSkew__screamer,screamer,RollingSkew,,"array,window_size",1000000,10,0.004380084108561277
RollingSkew__screamer,screamer,RollingSkew,,"array,window_size",1000000,100,0.004374792100861669
RollingSkew__screamer,screamer,RollingSkew,,"array,window_size",1000000,1000,0.004338999977335334
RollingSkew__screamer,screamer,RollingSkew,,"array,window_size",1000000,10000,0.004552291939035058
RollingSkew__screamer,screamer,RollingSkew,,"array,window_size",16,10,1.6291160136461258e-05
RollingSkew__screamer,screamer,RollingSkew,,"array,window_size",25,10,7.125083357095718e-06
RollingSkew__screamer,screamer,RollingSkew,,"array,window_size",40,10,8.125090971589088e-06
RollingSkew__screamer,screamer,RollingSkew,,"array,window_size",63,10,7.4158888310194016e-06
RollingSkew__screamer,screamer,RollingSkew,,"array,window_size",100,10,9.207986295223236e-06
RollingSkew__screamer,screamer,RollingSkew,,"array,window_size",160,10,8.582836017012596e-06
RollingSkew__screamer,screamer,RollingSkew,,"array,window_size",160,100,9.125098586082458e-06
RollingSkew__screamer,screamer,RollingSkew,,"array,window_size",250,10,9.082956239581108e-06
RollingSkew__screamer,screamer,RollingSkew,,"array,window_size",250,100,8.707866072654724e-06
RollingSkew__screamer,screamer,RollingSkew,,"array,window_size",400,10,9.415904060006142e-06
RollingSkew__screamer,screamer,RollingSkew,,"array,window_size",400,100,1.00000761449337e-05
RollingSkew__screamer,screamer,RollingSkew,,"array,window_size",630,10,9.666895493865013e-06
RollingSkew__screamer,screamer,RollingSkew,,"array,window_size",630,100,9.58307646214962e-06
RollingSkew__screamer,screamer,RollingSkew,,"array,window_size",1000,10,1.0874820873141289e-05
RollingSkew__screamer,screamer,RollingSkew,,"array,window_size",1000,100,1.1209165677428246e-05
RollingSkew__screamer,screamer,RollingSkew,,"array,window_size",1600,10,1.3333046808838844e-05
RollingSkew__screamer,screamer,RollingSkew,,"array,window_size",1600,100,1.3458076864480972e-05
RollingSkew__screamer,screamer,RollingSkew,,"array,window_size",1600,1000,1.5625031664967537e-05
RollingSkew__screamer,screamer,RollingSkew,,"array,window_size",2500,10,1.7250189557671547e-05
RollingSkew__screamer,screamer,RollingSkew,,"array,window_size",2500,100,1.787487417459488e-05
RollingSkew__screamer,screamer,RollingSkew,,"array,window_size",2500,1000,1.812516711652279e-05
RollingSkew__screamer,screamer,RollingSkew,,"array,window_size",4000,10,2.3583881556987762e-05
RollingSkew__screamer,screamer,RollingSkew,,"array,window_size",4000,100,2.3250002413988113e-05
RollingSkew__screamer,screamer,RollingSkew,,"array,window_size",4000,1000,2.3792032152414322e-05
RollingSkew__screamer,screamer,RollingSkew,,"array,window_size",6300,10,3.63329891115427e-05
RollingSkew__screamer,screamer,RollingSkew,,"array,window_size",6300,100,3.3125048503279686e-05
RollingSkew__screamer,screamer,RollingSkew,,"array,window_size",6300,1000,3.333296626806259e-05
RollingSkew__screamer,screamer,RollingSkew,,"array,window_size",10000,10,5.079200491309166e-05
RollingSkew__screamer,screamer,RollingSkew,,"array,window_size",10000,100,4.775007255375385e-05
RollingSkew__screamer,screamer,RollingSkew,,"array,window_size",10000,1000,4.812492989003658e-05
RollingSkew__screamer,screamer,RollingSkew,,"array,window_size",16000,10,7.758312858641148e-05
RollingSkew__screamer,screamer,RollingSkew,,"array,window_size",16000,100,7.220800034701824e-05
RollingSkew__screamer,screamer,RollingSkew,,"array,window_size",16000,1000,7.229205220937729e-05
RollingSkew__screamer,screamer,RollingSkew,,"array,window_size",16000,10000,0.0001152919139713049
RollingSkew__screamer,screamer,RollingSkew,,"array,window_size",25000,10,0.0001228339970111847
RollingSkew__screamer,screamer,RollingSkew,,"array,window_size",25000,100,0.00010862504132091999
RollingSkew__screamer,screamer,RollingSkew,,"array,window_size",25000,1000,0.00010870792903006077
RollingSkew__screamer,screamer,RollingSkew,,"array,window_size",25000,10000,0.0001436250749975443
RollingSkew__screamer,screamer,RollingSkew,,"array,window_size",40000,10,0.00017916597425937653
RollingSkew__screamer,screamer,RollingSkew,,"array,window_size",40000,100,0.00016975007019937038
RollingSkew__screamer,screamer,RollingSkew,,"array,window_size",40000,1000,0.0001688338816165924
RollingSkew__screamer,screamer,RollingSkew,,"array,window_size",40000,10000,0.00017683301120996475
RollingSkew__screamer,screamer,RollingSkew,,"array,window_size",63000,10,0.0002780419308692217
RollingSkew__screamer,screamer,RollingSkew,,"array,window_size",63000,100,0.00026312493719160557
RollingSkew__screamer,screamer,RollingSkew,,"array,window_size",63000,1000,0.00026179198175668716
RollingSkew__screamer,screamer,RollingSkew,,"array,window_size",63000,10000,0.0002979168202728033
RollingSkew__screamer,screamer,RollingSkew,,"array,window_size",100000,10,0.00043391715735197067
RollingSkew__screamer,screamer,RollingSkew,,"array,window_size",100000,100,0.0004144159611314535
RollingSkew__screamer,screamer,RollingSkew,,"array,window_size",100000,1000,0.0004113330505788326
RollingSkew__screamer,screamer,RollingSkew,,"array,window_size",100000,10000,0.0004259170964360237
RollingSkew__screamer,screamer,RollingSkew,,"array,window_size",160000,10,0.0007009580731391907
RollingSkew__screamer,screamer,RollingSkew,,"array,window_size",160000,100,0.000657582888379693
RollingSkew__screamer,screamer,RollingSkew,,"array,window_size",160000,1000,0.000653750030323863
RollingSkew__screamer,screamer,RollingSkew,,"array,window_size",160000,10000,0.0006736251525580883
RollingSkew__screamer,screamer,RollingSkew,,"array,window_size",250000,10,0.0010819998569786549
RollingSkew__screamer,screamer,RollingSkew,,"array,window_size",250000,100,0.0010955410543829203
RollingSkew__screamer,screamer,RollingSkew,,"array,window_size",250000,1000,0.0010911249555647373
RollingSkew__screamer,screamer,RollingSkew,,"array,window_size",250000,10000,0.0011205000337213278
RollingSkew__screamer,screamer,RollingSkew,,"array,window_size",400000,10,0.0017429161816835403
RollingSkew__screamer,screamer,RollingSkew,,"array,window_size",400000,100,0.0017437499482184649
RollingSkew__screamer,screamer,RollingSkew,,"array,window_size",400000,1000,0.0017339999321848154
RollingSkew__screamer,screamer,RollingSkew,,"array,window_size",400000,10000,0.0017940420657396317
RollingSkew__screamer,screamer,RollingSkew,,"array,window_size",630000,10,0.0028472919948399067
RollingSkew__screamer,screamer,RollingSkew,,"array,window_size",630000,100,0.0027221250347793102
RollingSkew__screamer,screamer,RollingSkew,,"array,window_size",630000,1000,0.0027316671330481768
RollingSkew__screamer,screamer,RollingSkew,,"array,window_size",630000,10000,0.0027621251065284014
RollingSkew__screamer,screamer,RollingSkew,,"array,window_size",1000000,10,0.004356625024229288
RollingSkew__screamer,screamer,RollingSkew,,"array,window_size",1000000,100,0.004395000170916319
RollingSkew__screamer,screamer,RollingSkew,,"array,window_size",1000000,1000,0.004339416977018118
RollingSkew__screamer,screamer,RollingSkew,,"array,window_size",1000000,10000,0.004430208122357726
RollingSkew__screamer,screamer,RollingSkew,,"array,window_size",16,10,7.999828085303307e-06
RollingSkew__screamer,screamer,RollingSkew,,"array,window_size",25,10,7.166992872953415e-06
RollingSkew__screamer,screamer,RollingSkew,,"array,window_size",40,10,2.7499860152602196e-05
RollingSkew__screamer,screamer,RollingSkew,,"array,window_size",63,10,7.333001121878624e-06
RollingSkew__screamer,screamer,RollingSkew,,"array,window_size",100,10,7.292022928595543e-06
RollingSkew__screamer,screamer,RollingSkew,,"array,window_size",160,10,7.6249707490205765e-06
RollingSkew__screamer,screamer,RollingSkew,,"array,window_size",160,100,7.95791856944561e-06
RollingSkew__screamer,screamer,RollingSkew,,"array,window_size",250,10,7.95791856944561e-06
RollingSkew__screamer,screamer,RollingSkew,,"array,window_size",250,100,8.167000487446785e-06
RollingSkew__screamer,screamer,RollingSkew,,"array,window_size",400,10,8.499948307871819e-06
RollingSkew__screamer,screamer,RollingSkew,,"array,window_size",400,100,8.791917935013771e-06
RollingSkew__screamer,screamer,RollingSkew,,"array,window_size",630,10,9.624985978007317e-06
RollingSkew__screamer,screamer,RollingSkew,,"array,window_size",630,100,9.58307646214962e-06
RollingSkew__screamer,screamer,RollingSkew,,"array,window_size",1000,10,1.0833144187927246e-05
RollingSkew__screamer,screamer,RollingSkew,,"array,window_size",1000,100,1.1083204299211502e-05
RollingSkew__screamer,screamer,RollingSkew,,"array,window_size",1600,10,1.3250159099698067e-05
RollingSkew__screamer,screamer,RollingSkew,,"array,window_size",1600,100,1.3459008187055588e-05
RollingSkew__screamer,screamer,RollingSkew,,"array,window_size",1600,1000,1.3999873772263527e-05
RollingSkew__screamer,screamer,RollingSkew,,"array,window_size",2500,10,1.6999896615743637e-05
RollingSkew__screamer,screamer,RollingSkew,,"array,window_size",2500,100,1.750001683831215e-05
RollingSkew__screamer,screamer,RollingSkew,,"array,window_size",2500,1000,1.987488940358162e-05
RollingSkew__screamer,screamer,RollingSkew,,"array,window_size",4000,10,2.350006252527237e-05
RollingSkew__screamer,screamer,RollingSkew,,"array,window_size",4000,100,2.3709144443273544e-05
RollingSkew__screamer,screamer,RollingSkew,,"array,window_size",4000,1000,2.3707980290055275e-05
RollingSkew__screamer,screamer,RollingSkew,,"array,window_size",6300,10,3.350013867020607e-05
RollingSkew__screamer,screamer,RollingSkew,,"array,window_size",6300,100,3.300001844763756e-05
RollingSkew__screamer,screamer,RollingSkew,,"array,window_size",6300,1000,3.287498839199543e-05
RollingSkew__screamer,screamer,RollingSkew,,"array,window_size",10000,10,5.1040900871157646e-05
RollingSkew__screamer,screamer,RollingSkew,,"array,window_size",10000,100,4.77079302072525e-05
RollingSkew__screamer,screamer,RollingSkew,,"array,window_size",10000,1000,4.787510260939598e-05
RollingSkew__screamer,screamer,RollingSkew,,"array,window_size",16000,10,7.854192517697811e-05
RollingSkew__screamer,screamer,RollingSkew,,"array,window_size",16000,100,7.224990986287594e-05
RollingSkew__screamer,screamer,RollingSkew,,"array,window_size",16000,1000,7.241684943437576e-05
RollingSkew__screamer,screamer,RollingSkew,,"array,window_size",16000,10000,0.00010375003330409527
RollingSkew__screamer,screamer,RollingSkew,,"array,window_size",25000,10,0.00011695805005729198
RollingSkew__screamer,screamer,RollingSkew,,"array,window_size",25000,100,0.00010866695083677769
RollingSkew__screamer,screamer,RollingSkew,,"array,window_size",25000,1000,0.00010887510143220425
RollingSkew__screamer,screamer,RollingSkew,,"array,window_size",25000,10000,0.0001510828733444214
RollingSkew__screamer,screamer,RollingSkew,,"array,window_size",40000,10,0.00017795898020267487
RollingSkew__screamer,screamer,RollingSkew,,"array,window_size",40000,100,0.0001695828977972269
RollingSkew__screamer,screamer,RollingSkew,,"array,window_size",40000,1000,0.00016933283768594265
RollingSkew__screamer,screamer,RollingSkew,,"array,window_size",40000,10000,0.00020737480372190475
RollingSkew__screamer,screamer,RollingSkew,,"array,window_size",63000,10,0.00027808407321572304
RollingSkew__screamer,screamer,RollingSkew,,"array,window_size",63000,100,0.0002632918767631054
RollingSkew__screamer,screamer,RollingSkew,,"array,window_size",63000,1000,0.00026212516240775585
RollingSkew__screamer,screamer,RollingSkew,,"array,window_size",63000,10000,0.0003238748759031296
RollingSkew__screamer,screamer,RollingSkew,,"array,window_size",100000,10,0.0004412501584738493
RollingSkew__screamer,screamer,RollingSkew,,"array,window_size",100000,100,0.00041358289308845997
RollingSkew__screamer,screamer,RollingSkew,,"array,window_size",100000,1000,0.0004112499300390482
RollingSkew__screamer,screamer,RollingSkew,,"array,window_size",100000,10000,0.0004365839995443821
RollingSkew__screamer,screamer,RollingSkew,,"array,window_size",160000,10,0.0006889591459184885
RollingSkew__screamer,screamer,RollingSkew,,"array,window_size",160000,100,0.0006576671730726957
RollingSkew__screamer,screamer,RollingSkew,,"array,window_size",160000,1000,0.0006540839094668627
RollingSkew__screamer,screamer,RollingSkew,,"array,window_size",160000,10000,0.0006899160798639059
RollingSkew__screamer,screamer,RollingSkew,,"array,window_size",250000,10,0.001105374889448285
RollingSkew__screamer,screamer,RollingSkew,,"array,window_size",250000,100,0.0010940840002149343
RollingSkew__screamer,screamer,RollingSkew,,"array,window_size",250000,1000,0.001075000036507845
RollingSkew__screamer,screamer,RollingSkew,,"array,window_size",250000,10000,0.00114799989387393
RollingSkew__screamer,screamer,RollingSkew,,"array,window_size",400000,10,0.0017790829297155142
RollingSkew__screamer,screamer,RollingSkew,,"array,window_size",400000,100,0.0017464999109506607
RollingSkew__screamer,screamer,RollingSkew,,"array,window_size",400000,1000,0.001745249843224883
RollingSkew__screamer,screamer,RollingSkew,,"array,window_size",400000,10000,0.0018258339259773493
RollingSkew__screamer,screamer,RollingSkew,,"array,window_size",630000,10,0.0027642918284982443
RollingSkew__screamer,screamer,RollingSkew,,"array,window_size",630000,100,0.0027803329285234213
RollingSkew__screamer,screamer,RollingSkew,,"array,window_size",630000,1000,0.0026837498880922794
RollingSkew__screamer,screamer,RollingSkew,,"array,window_size",630000,10000,0.0028125829994678497
RollingSkew__screamer,screamer,RollingSkew,,"array,window_size",1000000,10,0.004243542207404971
RollingSkew__screamer,screamer,RollingSkew,,"array,window_size",1000000,100,0.004242290975525975
RollingSkew__screamer,screamer,RollingSkew,,"array,window_size",1000000,1000,0.004316499922424555
RollingSkew__screamer,screamer,RollingSkew,,"array,window_size",1000000,10000,0.00436716596595943
RollingSkew__screamer,screamer,RollingSkew,,"array,window_size",16,10,8.249888196587563e-06
RollingSkew__screamer,screamer,RollingSkew,,"array,window_size",25,10,7.125083357095718e-06
RollingSkew__screamer,screamer,RollingSkew,,"array,window_size",40,10,7.084105163812637e-06
RollingSkew__screamer,screamer,RollingSkew,,"array,window_size",63,10,7.1658287197351456e-06
RollingSkew__screamer,screamer,RollingSkew,,"array,window_size",100,10,7.207971066236496e-06
RollingSkew__screamer,screamer,RollingSkew,,"array,window_size",160,10,7.6249707490205765e-06
RollingSkew__screamer,screamer,RollingSkew,,"array,window_size",160,100,9.333016350865364e-06
RollingSkew__screamer,screamer,RollingSkew,,"array,window_size",250,10,7.999828085303307e-06
RollingSkew__screamer,screamer,RollingSkew,,"array,window_size",250,100,7.95791856944561e-06
RollingSkew__screamer,screamer,RollingSkew,,"array,window_size",400,10,8.58306884765625e-06
RollingSkew__screamer,screamer,RollingSkew,,"array,window_size",400,100,8.791917935013771e-06
RollingSkew__screamer,screamer,RollingSkew,,"array,window_size",630,10,9.37492586672306e-06
RollingSkew__screamer,screamer,RollingSkew,,"array,window_size",630,100,9.458046406507492e-06
RollingSkew__screamer,screamer,RollingSkew,,"array,window_size",1000,10,1.0833144187927246e-05
RollingSkew__screamer,screamer,RollingSkew,,"array,window_size",1000,100,1.1082971468567848e-05
RollingSkew__screamer,screamer,RollingSkew,,"array,window_size",1600,10,1.3458076864480972e-05
RollingSkew__screamer,screamer,RollingSkew,,"array,window_size",1600,100,1.3499986380338669e-05
RollingSkew__screamer,screamer,RollingSkew,,"array,window_size",1600,1000,1.4375196769833565e-05
RollingSkew__screamer,screamer,RollingSkew,,"array,window_size",2500,10,1.6958918422460556e-05
RollingSkew__screamer,screamer,RollingSkew,,"array,window_size",2500,100,1.7165904864668846e-05
RollingSkew__screamer,screamer,RollingSkew,,"array,window_size",2500,1000,1.7999904230237007e-05
RollingSkew__screamer,screamer,RollingSkew,,"array,window_size",4000,10,2.3207860067486763e-05
RollingSkew__screamer,screamer,RollingSkew,,"array,window_size",4000,100,2.337503246963024e-05
RollingSkew__screamer,screamer,RollingSkew,,"array,window_size",4000,1000,2.4458160623908043e-05
RollingSkew__screamer,screamer,RollingSkew,,"array,window_size",6300,10,3.429199568927288e-05
RollingSkew__screamer,screamer,RollingSkew,,"array,window_size",6300,100,3.300001844763756e-05
RollingSkew__screamer,screamer,RollingSkew,,"array,window_size",6300,1000,3.566686064004898e-05
RollingSkew__screamer,screamer,RollingSkew,,"array,window_size",10000,10,4.937499761581421e-05
RollingSkew__screamer,screamer,RollingSkew,,"array,window_size",10000,100,4.754099063575268e-05
RollingSkew__screamer,screamer,RollingSkew,,"array,window_size",10000,1000,4.795799031853676e-05
RollingSkew__screamer,screamer,RollingSkew,,"array,window_size",16000,10,7.537496276199818e-05
RollingSkew__screamer,screamer,RollingSkew,,"array,window_size",16000,100,7.233303040266037e-05
RollingSkew__screamer,screamer,RollingSkew,,"array,window_size",16000,1000,7.212487980723381e-05
RollingSkew__screamer,screamer,RollingSkew,,"array,window_size",16000,10000,8.379202336072922e-05
RollingSkew__screamer,screamer,RollingSkew,,"array,window_size",25000,10,0.00011266604997217655
RollingSkew__screamer,screamer,RollingSkew,,"array,window_size",25000,100,0.00010858289897441864
RollingSkew__screamer,screamer,RollingSkew,,"array,window_size",25000,1000,0.00010854098945856094
RollingSkew__screamer,screamer,RollingSkew,,"array,window_size",25000,10000,0.00011533405631780624
RollingSkew__screamer,screamer,RollingSkew,,"array,window_size",40000,10,0.00017641717568039894
RollingSkew__screamer,screamer,RollingSkew,,"array,window_size",40000,100,0.0001877499744296074
RollingSkew__screamer,screamer,RollingSkew,,"array,window_size",40000,1000,0.00016879220493137836
RollingSkew__screamer,screamer,RollingSkew,,"array,window_size",40000,10000,0.00017787492834031582
RollingSkew__screamer,screamer,RollingSkew,,"array,window_size",63000,10,0.00029058288782835007
RollingSkew__screamer,screamer,RollingSkew,,"array,window_size",63000,100,0.0002634159754961729
RollingSkew__screamer,screamer,RollingSkew,,"array,window_size",63000,1000,0.0002619170118123293
RollingSkew__screamer,screamer,RollingSkew,,"array,window_size",63000,10000,0.0002720421180129051
RollingSkew__screamer,screamer,RollingSkew,,"array,window_size",100000,10,0.00046145799569785595
RollingSkew__screamer,screamer,RollingSkew,,"array,window_size",100000,100,0.0004136660136282444
RollingSkew__screamer,screamer,RollingSkew,,"array,window_size",100000,1000,0.00041125016286969185
RollingSkew__screamer,screamer,RollingSkew,,"array,window_size",100000,10000,0.0004509999416768551
RollingSkew__screamer,screamer,RollingSkew,,"array,window_size",160000,10,0.0006914578843861818
RollingSkew__screamer,screamer,RollingSkew,,"array,window_size",160000,100,0.0006597498431801796
RollingSkew__screamer,screamer,RollingSkew,,"array,window_size",160000,1000,0.0006535830907523632
RollingSkew__screamer,screamer,RollingSkew,,"array,window_size",160000,10000,0.0006748340092599392
RollingSkew__screamer,screamer,RollingSkew,,"array,window_size",250000,10,0.0010822080075740814
RollingSkew__screamer,screamer,RollingSkew,,"array,window_size",250000,100,0.0010614998172968626
RollingSkew__screamer,screamer,RollingSkew,,"array,window_size",250000,1000,0.0010983748361468315
RollingSkew__screamer,screamer,RollingSkew,,"array,window_size",250000,10000,0.001097833039239049
RollingSkew__screamer,screamer,RollingSkew,,"array,window_size",400000,10,0.001723750028759241
RollingSkew__screamer,screamer,RollingSkew,,"array,window_size",400000,100,0.001702082809060812
RollingSkew__screamer,screamer,RollingSkew,,"array,window_size",400000,1000,0.0017230419907718897
RollingSkew__screamer,screamer,RollingSkew,,"array,window_size",400000,10000,0.001741540851071477
RollingSkew__screamer,screamer,RollingSkew,,"array,window_size",630000,10,0.0027643328066915274
RollingSkew__screamer,screamer,RollingSkew,,"array,window_size",630000,100,0.0026914579793810844
RollingSkew__screamer,screamer,RollingSkew,,"array,window_size",630000,1000,0.002670540940016508
RollingSkew__screamer,screamer,RollingSkew,,"array,window_size",630000,10000,0.0027769580483436584
RollingSkew__screamer,screamer,RollingSkew,,"array,window_size",1000000,10,0.0042721249628812075
RollingSkew__screamer,screamer,RollingSkew,,"array,window_size",1000000,100,0.004282583016902208
RollingSkew__screamer,screamer,RollingSkew,,"array,window_size",1000000,1000,0.0042349169962108135
RollingSkew__screamer,screamer,RollingSkew,,"array,window_size",1000000,10000,0.00432200008071959
RollingSkew__screamer,screamer,RollingSkew,,"array,window_size",16,10,7.583992555737495e-06
RollingSkew__screamer,screamer,RollingSkew,,"array,window_size",25,10,7.083173841238022e-06
RollingSkew__screamer,screamer,RollingSkew,,"array,window_size",40,10,7.082941010594368e-06
RollingSkew__screamer,screamer,RollingSkew,,"array,window_size",63,10,7.083173841238022e-06
RollingSkew__screamer,screamer,RollingSkew,,"array,window_size",100,10,7.250113412737846e-06
RollingSkew__screamer,screamer,RollingSkew,,"array,window_size",160,10,7.542083039879799e-06
RollingSkew__screamer,screamer,RollingSkew,,"array,window_size",160,100,7.666181772947311e-06
RollingSkew__screamer,screamer,RollingSkew,,"array,window_size",250,10,7.833819836378098e-06
RollingSkew__screamer,screamer,RollingSkew,,"array,window_size",250,100,8.458038792014122e-06
RollingSkew__screamer,screamer,RollingSkew,,"array,window_size",400,10,8.750008419156075e-06
RollingSkew__screamer,screamer,RollingSkew,,"array,window_size",400,100,1.1292053386569023e-05
RollingSkew__screamer,screamer,RollingSkew,,"array,window_size",630,10,1.0207993909716606e-05
RollingSkew__screamer,screamer,RollingSkew,,"array,window_size",630,100,9.833136573433876e-06
RollingSkew__screamer,screamer,RollingSkew,,"array,window_size",1000,10,1.0709045454859734e-05
RollingSkew__screamer,screamer,RollingSkew,,"array,window_size",1000,100,1.1124880984425545e-05
RollingSkew__screamer,screamer,RollingSkew,,"array,window_size",1600,10,1.3875076547265053e-05
RollingSkew__screamer,screamer,RollingSkew,,"array,window_size",1600,100,1.3375189155340195e-05
RollingSkew__screamer,screamer,RollingSkew,,"array,window_size",1600,1000,1.4249933883547783e-05
RollingSkew__screamer,screamer,RollingSkew,,"array,window_size",2500,10,1.695798709988594e-05
RollingSkew__screamer,screamer,RollingSkew,,"array,window_size",2500,100,1.695798709988594e-05
RollingSkew__screamer,screamer,RollingSkew,,"array,window_size",2500,1000,1.7625046893954277e-05
RollingSkew__screamer,screamer,RollingSkew,,"array,window_size",4000,10,2.374988980591297e-05
RollingSkew__screamer,screamer,RollingSkew,,"array,window_size",4000,100,2.337503246963024e-05
RollingSkew__screamer,screamer,RollingSkew,,"array,window_size",4000,1000,3.316602669656277e-05
RollingSkew__screamer,screamer,RollingSkew,,"array,window_size",6300,10,3.350013867020607e-05
RollingSkew__screamer,screamer,RollingSkew,,"array,window_size",6300,100,3.595813177525997e-05
RollingSkew__screamer,screamer,RollingSkew,,"array,window_size",6300,1000,3.287498839199543e-05
RollingSkew__screamer,screamer,RollingSkew,,"array,window_size",10000,10,4.9625057727098465e-05
RollingSkew__screamer,screamer,RollingSkew,,"array,window_size",10000,100,4.7625042498111725e-05
RollingSkew__screamer,screamer,RollingSkew,,"array,window_size",10000,1000,4.775007255375385e-05
RollingSkew__screamer,screamer,RollingSkew,,"array,window_size",16000,10,7.500010542571545e-05
RollingSkew__screamer,screamer,RollingSkew,,"array,window_size",16000,100,7.199984975159168e-05
RollingSkew__screamer,screamer,RollingSkew,,"array,window_size",16000,1000,7.49579630792141e-05
RollingSkew__screamer,screamer,RollingSkew,,"array,window_size",16000,10000,0.00012183398939669132
RollingSkew__screamer,screamer,RollingSkew,,"array,window_size",25000,10,0.00011087488383054733
RollingSkew__screamer,screamer,RollingSkew,,"array,window_size",25000,100,0.00011195894330739975
RollingSkew__screamer,screamer,RollingSkew,,"array,window_size",25000,1000,0.0001154579222202301
RollingSkew__screamer,screamer,RollingSkew,,"array,window_size",25000,10000,0.00016437494195997715
RollingSkew__screamer,screamer,RollingSkew,,"array,window_size",40000,10,0.00017433403991162777
RollingSkew__screamer,screamer,RollingSkew,,"array,window_size",40000,100,0.0001695828977972269
RollingSkew__screamer,screamer,RollingSkew,,"array,window_size",40000,1000,0.0001717910636216402
RollingSkew__screamer,screamer,RollingSkew,,"array,window_size",40000,10000,0.00022904202342033386
RollingSkew__screamer,screamer,RollingSkew,,"array,window_size",63000,10,0.0002732910215854645
RollingSkew__screamer,screamer,RollingSkew,,"array,window_size",63000,100,0.00026604090817272663
RollingSkew__screamer,screamer,RollingSkew,,"array,window_size",63000,1000,0.00026179105043411255
RollingSkew__screamer,screamer,RollingSkew,,"array,window_size",63000,10000,0.0003190001007169485
RollingSkew__screamer,screamer,RollingSkew,,"array,window_size",100000,10,0.00045137503184378147
RollingSkew__screamer,screamer,RollingSkew,,"array,window_size",100000,100,0.00041395798325538635
RollingSkew__screamer,screamer,RollingSkew,,"array,window_size",100000,1000,0.0004113749600946903
RollingSkew__screamer,screamer,RollingSkew,,"array,window_size",100000,10000,0.00045012496411800385
RollingSkew__screamer,screamer,RollingSkew,,"array,window_size",160000,10,0.0006910839583724737
RollingSkew__screamer,screamer,RollingSkew,,"array,window_size",160000,100,0.0006694579496979713
RollingSkew__screamer,screamer,RollingSkew,,"array,window_size",160000,1000,0.0006532499101012945
RollingSkew__screamer,screamer,RollingSkew,,"array,window_size",160000,10000,0.0007150419987738132
RollingSkew__screamer,screamer,RollingSkew,,"array,window_size",250000,10,0.0010783749166876078
RollingSkew__screamer,screamer,RollingSkew,,"array,window_size",250000,100,0.0010824589990079403
RollingSkew__screamer,screamer,RollingSkew,,"array,window_size",250000,1000,0.0010657079983502626
RollingSkew__screamer,screamer,RollingSkew,,"array,window_size",250000,10000,0.0010900420602411032
RollingSkew__screamer,screamer,RollingSkew,,"array,window_size",400000,10,0.0017064581625163555
RollingSkew__screamer,screamer,RollingSkew,,"array,window_size",400000,100,0.001703042071312666
RollingSkew__screamer,screamer,RollingSkew,,"array,window_size",400000,1000,0.0016995000187307596
RollingSkew__screamer,screamer,RollingSkew,,"array,window_size",400000,10000,0.0017812082078307867
RollingSkew__screamer,screamer,RollingSkew,,"array,window_size",630000,10,0.002694249851629138
RollingSkew__screamer,screamer,RollingSkew,,"array,window_size",630000,100,0.002675957977771759
RollingSkew__screamer,screamer,RollingSkew,,"array,window_size",630000,1000,0.0027317090425640345
RollingSkew__screamer,screamer,RollingSkew,,"array,window_size",630000,10000,0.002753332955762744
RollingSkew__screamer,screamer,RollingSkew,,"array,window_size",1000000,10,0.004304207861423492
RollingSkew__screamer,screamer,RollingSkew,,"array,window_size",1000000,100,0.004247792065143585
RollingSkew__screamer,screamer,RollingSkew,,"array,window_size",1000000,1000,0.004264166112989187
RollingSkew__screamer,screamer,RollingSkew,,"array,window_size",1000000,10000,0.004350000061094761
RollingSkew__screamer,screamer,RollingSkew,,"array,window_size",16,10,7.750000804662704e-06
RollingSkew__screamer,screamer,RollingSkew,,"array,window_size",25,10,7.0410314947366714e-06
RollingSkew__screamer,screamer,RollingSkew,,"array,window_size",40,10,7.1248505264520645e-06
RollingSkew__screamer,screamer,RollingSkew,,"array,window_size",63,10,6.95791095495224e-06
RollingSkew__screamer,screamer,RollingSkew,,"array,window_size",100,10,7.292022928595543e-06
RollingSkew__screamer,screamer,RollingSkew,,"array,window_size",160,10,7.708091288805008e-06
RollingSkew__screamer,screamer,RollingSkew,,"array,window_size",160,100,2.8583919629454613e-05
RollingSkew__screamer,screamer,RollingSkew,,"array,window_size",250,10,8.00006091594696e-06
RollingSkew__screamer,screamer,RollingSkew,,"array,window_size",250,100,8.125090971589088e-06
RollingSkew__screamer,screamer,RollingSkew,,"array,window_size",400,10,8.584000170230865e-06
RollingSkew__screamer,screamer,RollingSkew,,"array,window_size",400,100,8.708098903298378e-06
RollingSkew__screamer,screamer,RollingSkew,,"array,window_size",630,10,9.54093411564827e-06
RollingSkew__screamer,screamer,RollingSkew,,"array,window_size",630,100,9.58307646214962e-06
RollingSkew__screamer,screamer,RollingSkew,,"array,window_size",1000,10,1.1250143870711327e-05
RollingSkew__screamer,screamer,RollingSkew,,"array,window_size",1000,100,1.1415919288992882e-05
RollingSkew__screamer,screamer,RollingSkew,,"array,window_size",1600,10,1.3458076864480972e-05
RollingSkew__screamer,screamer,RollingSkew,,"array,window_size",1600,100,1.337495632469654e-05
RollingSkew__screamer,screamer,RollingSkew,,"array,window_size",1600,1000,1.400010660290718e-05
RollingSkew__screamer,screamer,RollingSkew,,"array,window_size",2500,10,1.729186624288559e-05
RollingSkew__screamer,screamer,RollingSkew,,"array,window_size",2500,100,1.7290934920310974e-05
RollingSkew__screamer,screamer,RollingSkew,,"array,window_size",2500,1000,1.7625046893954277e-05
RollingSkew__screamer,screamer,RollingSkew,,"array,window_size",4000,10,2.291705459356308e-05
RollingSkew__screamer,screamer,RollingSkew,,"array,window_size",4000,100,2.333405427634716e-05
RollingSkew__screamer,screamer,RollingSkew,,"array,window_size",4000,1000,2.3999949917197227e-05
RollingSkew__screamer,screamer,RollingSkew,,"array,window_size",6300,10,3.337487578392029e-05
RollingSkew__screamer,screamer,RollingSkew,,"array,window_size",6300,100,3.3084070309996605e-05
RollingSkew__screamer,screamer,RollingSkew,,"array,window_size",6300,1000,3.291713073849678e-05
RollingSkew__screamer,screamer,RollingSkew,,"array,window_size",10000,10,4.954100586473942e-05
RollingSkew__screamer,screamer,RollingSkew,,"array,window_size",10000,100,4.758383147418499e-05
RollingSkew__screamer,screamer,RollingSkew,,"array,window_size",10000,1000,4.787510260939598e-05
RollingSkew__screamer,screamer,RollingSkew,,"array,window_size",16000,10,7.500010542571545e-05
RollingSkew__screamer,screamer,RollingSkew,,"array,window_size",16000,100,7.187505252659321e-05
RollingSkew__screamer,screamer,RollingSkew,,"array,window_size",16000,1000,7.195794023573399e-05
RollingSkew__screamer,screamer,RollingSkew,,"array,window_size",16000,10000,0.00010899989865720272
RollingSkew__screamer,screamer,RollingSkew,,"array,window_size",25000,10,0.00011150003410875797
RollingSkew__screamer,screamer,RollingSkew,,"array,window_size",25000,100,0.00010874983854591846
RollingSkew__screamer,screamer,RollingSkew,,"array,window_size",25000,1000,0.00010862504132091999
RollingSkew__screamer,screamer,RollingSkew,,"array,window_size",25000,10000,0.00011545815505087376
RollingSkew__screamer,screamer,RollingSkew,,"array,window_size",40000,10,0.0001771249808371067
RollingSkew__screamer,screamer,RollingSkew,,"array,window_size",40000,100,0.00016983295790851116
RollingSkew__screamer,screamer,RollingSkew,,"array,window_size",40000,1000,0.0001688338816165924
RollingSkew__screamer,screamer,RollingSkew,,"array,window_size",40000,10000,0.0001775000710040331
RollingSkew__screamer,screamer,RollingSkew,,"array,window_size",63000,10,0.00027820910327136517
RollingSkew__screamer,screamer,RollingSkew,,"array,window_size",63000,100,0.00026604090817272663
RollingSkew__screamer,screamer,RollingSkew,,"array,window_size",63000,1000,0.00026170816272497177
RollingSkew__screamer,screamer,RollingSkew,,"array,window_size",63000,10000,0.0002948329783976078
RollingSkew__screamer,screamer,RollingSkew,,"array,window_size",100000,10,0.00043858401477336884
RollingSkew__screamer,screamer,RollingSkew,,"array,window_size",100000,100,0.0004135412164032459
RollingSkew__screamer,screamer,RollingSkew,,"array,window_size",100000,1000,0.0004114159382879734
RollingSkew__screamer,screamer,RollingSkew,,"array,window_size",100000,10000,0.00045654200948774815
RollingSkew__screamer,screamer,RollingSkew,,"array,window_size",160000,10,0.0007275000680238008
RollingSkew__screamer,screamer,RollingSkew,,"array,window_size",160000,100,0.000658166129142046
RollingSkew__screamer,screamer,RollingSkew,,"array,window_size",160000,1000,0.0006540408357977867
RollingSkew__screamer,screamer,RollingSkew,,"array,window_size",160000,10000,0.000673667062073946
RollingSkew__screamer,screamer,RollingSkew,,"array,window_size",250000,10,0.0011074580252170563
RollingSkew__screamer,screamer,RollingSkew,,"array,window_size",250000,100,0.0010679580736905336
RollingSkew__screamer,screamer,RollingSkew,,"array,window_size",250000,1000,0.0010756668634712696
RollingSkew__screamer,screamer,RollingSkew,,"array,window_size",250000,10000,0.0010945408139377832
RollingSkew__screamer,screamer,RollingSkew,,"array,window_size",400000,10,0.001711833057925105
RollingSkew__screamer,screamer,RollingSkew,,"array,window_size",400000,100,0.0017282499466091394
RollingSkew__screamer,screamer,RollingSkew,,"array,window_size",400000,1000,0.00169095816090703
RollingSkew__screamer,screamer,RollingSkew,,"array,window_size",400000,10000,0.0017677920404821634
RollingSkew__screamer,screamer,RollingSkew,,"array,window_size",630000,10,0.002718582982197404
RollingSkew__screamer,screamer,RollingSkew,,"array,window_size",630000,100,0.0026908330619335175
RollingSkew__screamer,screamer,RollingSkew,,"array,window_size",630000,1000,0.0026794581208378077
RollingSkew__screamer,screamer,RollingSkew,,"array,window_size",630000,10000,0.002748624887317419
RollingSkew__screamer,screamer,RollingSkew,,"array,window_size",1000000,10,0.004277375061064959
RollingSkew__screamer,screamer,RollingSkew,,"array,window_size",1000000,100,0.004262375179678202
RollingSkew__screamer,screamer,RollingSkew,,"array,window_size",1000000,1000,0.004217708017677069
RollingSkew__screamer,screamer,RollingSkew,,"array,window_size",1000000,10000,0.004414708120748401
